{
  "faisal": [
    {
      "id": "0408",
      "email": "faisalbadi57@gmail.com",
      "password": "123"
    },
    {
      "id": "b379",
      "email": "faisalbadi123@gmail.com",
      "password": "123"
    },
    {
      "id": "ca18",
      "email": "may@gmail.comsss",
      "password": "5"
    },
    {
      "id": "beab",
      "email": "ranarajdeep2103@gmail.com",
      "password": "1"
    },
    {
      "id": "d8e7",
      "email": "faisalbadi57@gmail.com",
      "password": "2"
    },
    {
      "id": "2cd9",
      "email": "may@gmail.comsss",
      "password": "121"
    },
    {
      "id": "f4ed",
      "email": "faisalbadi57@gmail.com",
      "password": "1"
    },
    {
      "id": "a9c6",
      "email": "faisalbadi57@gmail.com",
      "password": "xcv"
    },
    {
      "id": "f94b",
      "email": "faisalbadi57@gmail.com",
      "password": "xf"
    },
    {
      "id": "e653",
      "email": "faisalbadi57@gmail.com",
      "password": "vfxv"
    },
    {
      "id": "62f9",
      "email": "faisalbadi123@gmail.com",
      "password": "22"
    },
    {
      "id": "08fb",
      "email": "faisalbadi57@gmail.com",
      "password": "56"
    },
    {
      "id": "d7ba",
      "email": "may@gmail.comsss",
      "password": "11"
    },
    {
      "id": "7a97",
      "email": "faisalbadi57@gmail.com",
      "password": "111"
    },
    {
      "id": "3a8d",
      "email": "faisalbadi57@gmail.com",
      "password": "1222"
    },
    {
      "id": "6733",
      "email": "faisalbadi57@gmail.com",
      "password": "546 "
    },
    {
      "id": "4cd5",
      "email": "faisalbadi123@gmail.com",
      "password": "354"
    },
    {
      "id": "614a",
      "email": "faisalbadi57@gmail.com",
      "password": "1"
    },
    {
      "id": "97a8",
      "email": "may@gmail.comsss",
      "password": "1"
    },
    {
      "id": "548c",
      "email": "faisal11@gmail.com",
      "password": "1"
    },
    {
      "id": "0b6a",
      "email": "faisal11@gmail.com",
      "password": "1"
    },
    {
      "id": "ad4b",
      "email": "faisal11@gmail.com",
      "password": "1"
    }
  ]
}